user_id_csv,user_id
0,8842281e1d1347389f2ab93d60773d4d
1,72fb0d0087d28c832f15776b0d936598
2,ab2923b738ea3082f5f3efcbbfacb218
3,d986f354a045ffb91234e4af4d1b12fd
4,7504b2aee1ecb5b2872d3da381c6c91e
5,f8a89075dc6de14857561522e729f82c
6,47d4a49ae9ee68ae78d891b3a259b695
7,704eb93a316aff687a93d5215882eb21
8,06316bec7a49286f1f98d5acce24f923
9,012515e5802b2e0f42915118c90fa04b
10,fe0df2eff573e75c036eb8287c6b012a
11,1711b2a40d154603f157536619f71967
12,f4d16ea4ac59af59d257631398af39f4
13,220ef9c058a2132e6a9827f93a821d87
14,01ec1a320ffded6b2dd47833f2c8e4fb
15,4b3636a043e5c99fa27ac897ccfa1151
16,4035e5f05352217609c1a294410f2d50
17,903d4b859e86a1dd6d7640849cc7067c
18,afc070543f19028dc7e7f084a0079f72
19,d92c94bda1ca3ec254f3aa95757c7831
20,dc3763cdb9b2cae805882878eebb6a32
21,4980305f36ab8c2ab831e401a185f28a
22,96a4eae3201cf9eb0fd36a900611c925
23,7b2e5fe9fd353fecf3eeebb4850b88d3
24,bafc2d50014200cda7cb2b6acd60cd73
25,441b31d224ebb544ca26e1a2f323ad09
26,9a6f991d0c99a4df68d01a85191d6184
27,4fe16e3bcbbce3f8801ac6924217fd3b
28,83d6e6f80d7c32c6676b3ab3b01543cd
29,3ca7375dba942a760e53b726c472a7dd
30,0ef32090550901ead25cb0ea21c4d36b
31,0b9a0d35734107c5df4a1e3787193afb
32,93c5e16254e7838b69178338bb20459e
33,a3a4e571b82e9395db73f25ae79742e8
34,d37b46b2190ed7c518259f29b47a9b36
35,4f0fee7cd38442e912194e46c99d4af3
36,450bab9fc8f7bfc289be66901408a629
37,af157d0205b8a901dee6d4a2aed7e6ad
38,8cbbcdd68aa2d7127820501cbaec7388
39,012aa353140af13109d00ca36cdc0637
40,ec34d1dce411b82ed55a06f34b35f4a7
41,06bd41ab4c378a8c5a9d45c6b4779650
42,854d7eea57ee70acf835e2ba5262e3d9
43,8489357f2f485c1a961d4cbdc54ea84b
44,c00645f3ed225ef9527ea0d8e4b55fc9
45,8ecbc8ba108ccf1be156d99a7415c44d
46,121d51f241dc5e43d58bfe0e86753925
47,1b70de1e9e45965915c0a21b2787fa2f
48,7f3fb103a5597aae9ff34e5ac49a77bb
49,4e98500e643d1339885d656a980a4a52
50,2f6af21d14c83a5df6cdcef5e6af0b3e
51,5d99e945d98169c37484b38244ac444b
52,e180ead13b5022e2c579c27aff0f7ada
53,428e8f6094aed8d36b7663e3ccf43997
54,d20102b939fd040355d6c2452230f709
55,623103c8b74b4e97b2077ff2fd33514b
56,ed61256b9e708b457d6c63b0957fff90
57,7d2ade0da6b1b01ebbbaf07c8346f0f5
58,b06126733bd011eb851564baad2b5f6c
59,f4c6fe33ef61c38f7f4aeb5224c259a5
60,08920c9c72f03d03df72908ce393f7e7
61,5b70e03ded9e16cb02b4bab42587b4c0
62,cbdf1def3bfe721b6d09700bdd5f121a
63,8e1db93d364acf3893ce998ebb8d57fc
64,148cc5f044381ae63aacee1cd01d8ef1
65,26b5bed05bcabbabdaec4ee08fc43244
66,4672eb229c808b792b8ea95f01f19784
67,e5a7b620c83ea9268e89013dba154c70
68,478f3accbbb16d817fd90732215b6391
69,fd379cf294fc1937e41f3f7df3c9eabe
70,92b4a378f7007946263f655b23b6f639
71,144ca9947d2cac5fa8d09f8854beeb7b
72,ba85197c8d24e40073ea439cd7529370
73,acbfabdee84d68951cf35b24b436359d
74,d3492185291fee0103a736299debaed9
75,f18d9dc6a1e14cf6355094283298c13c
76,6524e92fa0bdb857953f8932a64e8a60
77,52ab75d4a37ef1cfd51707c795617247
78,972db32297c2b02db61cb0d3666081f7
79,d301b981c2856f63ac0e7caa9694ef4a
80,cc8c48d41aea15e76fad1d9cb6efde7a
81,2ae0fa899af5bcbd6d38ca3ef2a175bf
82,e24be83697a972da4db11c068d931cdd
83,3465f056f8146c0aa9af1fd764d7d634
84,be3326e6bd4d83def57f502f6904b090
85,3cb38531c6aab7bcae3c26455b763fe6
86,d0c8e4089c1435ff9e1ab3f2bc5f88ff
87,dc289f9aa82eaf8718382f1b3468cc2c
88,d52ba256a0ff3980e123b4e0a5d52a34
89,faa322d2624b0e7eb3064e39dac4af9c
90,a34e60cb88cea96fd767a9db81f6f5c8
91,559d843b319087e12f48282e386e401f
92,b1360d644d3f5a5a604d6fcfbf772aec
93,1964b797c71b298c33c09666eeb86aee
94,8df21fb8f286950fc75617c765582c41
95,01d02898170634e6e7232650ebbf2e43
96,ac66a7e4003e36fb1c360e0b375e9d07
97,dcaf63d82422e351590aba2b36950a17
98,24f6896efc60c9e52a3df7e77d3524c7
99,b54c83f02c748fe75ed309e1e12eace2
